{"flowList":[{"id":"8bd870a0-ce97-11e6-8015-41bde0e413d9","name":"测试","desc":"","content":"{ \"class\": \"go.GraphLinksModel\",\n  \"nodeKeyProperty\": \"id\",\n  \"nodeDataArray\": [ \n{\"id\":0, \"loc\":\"-756 97.00000000000003\", \"text\":\"tableName\"},\n{\"text\":\"tableName\", \"loc\":\"-556 97.00000000000003\", \"id\":-2},\n{\"text\":\"tableName\", \"loc\":\"-356 97.00000000000003\", \"id\":-3},\n{\"text\":\"大师法多索福\", \"loc\":\"-197 -49.00000000000006\", \"id\":-4},\n{\"text\":\"阿萨德发斯蒂芬\", \"loc\":\"44 97.00000000000003\", \"id\":-5},\n{\"text\":\"阿萨德发斯蒂芬\", \"loc\":\"244 97.00000000000003\", \"id\":-6},\n{\"text\":\"做程序自行车v\", \"loc\":\"444 97.00000000000003\", \"id\":-7},\n{\"text\":\"tableName\", \"loc\":\"644 97.00000000000003\", \"id\":-8},\n{\"text\":\"tableName\", \"loc\":\"844 97.00000000000003\", \"id\":-9},\n{\"text\":\"阿斯蒂芬VC徐\", \"loc\":\"134 247.00000000000003\", \"id\":-10}\n ],\n  \"linkDataArray\": [ \n{\"from\":0, \"to\":-2, \"text\":\"\", \"points\":[-659.6875537519535,107.120815603312,-624.6057400045122,100.34569499661588,-590.3028700022561,100.34569499661589,-555.2210562548148,107.12081560331202]},\n{\"from\":-2, \"to\":-3, \"text\":\"\", \"points\":[-459.6875537519535,107.12081560331202,-424.60574000451214,100.3456949966159,-390.3028700022561,100.3456949966159,-355.2210562548148,107.12081560331202]},\n{\"from\":-3, \"to\":-4, \"text\":\"\", \"points\":[-290.2672355041195,97.1272990078849,-253.763083942537,55.89501085973504,-213.68728603392836,20.54643536490595,-168.21977295535336,-10.523806372367531]},\n{\"from\":-4, \"to\":-5, \"text\":\"\", \"points\":[-99.69320256982716,-10.593177305655452,-35.341614980889545,19.783967527766595,24.195671243014758,55.1809370765179,81.62258126653677,97.20530808427695]},\n{\"from\":-5, \"to\":-6, \"text\":\"\", \"points\":[168.09543256811196,102.32323401253637,194.7749716972131,95.60292197003278,220.84851529417324,95.65649959869462,247.5002105570742,102.48640016190335]},\n{\"from\":-6, \"to\":-7, \"text\":\"\", \"points\":[368.1219016757748,102.35922897598597,394.73886052957147,95.73011586247951,420.72846154962537,95.87278165059247,447.2710396264631,102.79370560129023]},\n{\"from\":-7, \"to\":-8, \"text\":\"\", \"points\":[562.2810421040149,103.85858613681873,590.2825018511253,97.63996984453176,617.5302757325154,98.1828034919045,645.2618393899457,105.51174022745008]},\n{\"from\":-8, \"to\":-9, \"text\":\"\", \"points\":[740.3124462480465,107.12081560331202,775.3942599954878,100.3456949966159,809.6971299977439,100.3456949966159,844.7789437451852,107.12081560331202]},\n{\"from\":-5, \"to\":-10, \"text\":\"\", \"points\":[121.33841045295843,135.60098703990627,147.3564024007124,171.26918395345513,167.9562186124782,206.91606502282275,184.7335365811524,247.04397014342717]}\n ]}"},{"id":"07f8b730-ce98-11e6-88f1-834326571401","name":"大是大非","desc":"阿斯顿发多","content":"{ \"class\": \"go.GraphLinksModel\",\n  \"nodeKeyProperty\": \"id\",\n  \"nodeDataArray\": [ \n{\"id\":0, \"loc\":\"-288.99999999999994 99.00000000000007\", \"text\":\"tableName\"},\n{\"text\":\"tableName\", \"loc\":\"-88.99999999999994 99.00000000000007\", \"id\":-2},\n{\"text\":\"tableName\", \"loc\":\"62.00000000000006 -27.99999999999993\", \"id\":-3},\n{\"text\":\"tableName\", \"loc\":\"311.00000000000006 99.00000000000007\", \"id\":-4},\n{\"text\":\"tableName\", \"loc\":\"511.00000000000006 99.00000000000007\", \"id\":-5}\n ],\n  \"linkDataArray\": [ \n{\"from\":0, \"to\":-2, \"text\":\"\", \"points\":[-192.6875537519535,109.12081560331202,-157.60574000451214,102.3456949966159,-123.30287000225604,102.34569499661592,-88.22105625481474,109.12081560331205]},\n{\"from\":-2, \"to\":-3, \"text\":\"\", \"points\":[-23.501204254706096,99.12501992456873,7.065042702277462,64.19190880219824,41.248088383490014,35.077786062102454,80.6003783786452,10.460414596805876]},\n{\"from\":-3, \"to\":-4, \"text\":\"\", \"points\":[152.40321103602435,8.039135473951355,215.1161988091152,32.63578925830267,273.40984658805337,62.57905516853092,329.93159887637023,99.22882639664726]},\n{\"from\":-4, \"to\":-5, \"text\":\"\", \"points\":[407.31244624804657,109.12081560331207,442.3942599954879,102.34569499661595,476.69712999774396,102.34569499661595,511.77894374518525,109.12081560331208]}\n ]}"}],"default":{"nodeKeyProperty":"id","nodeDataArray":[{"id":0,"loc":"120 120","text":"tableName"}],"linkDataArray":[]}}